{
    "birthday": 0.04153636227198391, 
    "education": 0.5212744095013694, 
    "first_name": 0.024015988884247507, 
    "gender": 0.010322184377054313,
    "hometown": 0.044913934021449844, 
    "languages": 0.05223762065629229, 
    "last_name": 0.08861495389385923, 
    "locale": 0.022813419620306207, 
    "location": 0.07224737926579348, 
    "work": 0.369867169563834, 
    "middle_name": 0.0008604165375214358, 
    "name": 0.00020565670394941576, 
    "religion": 2.0065717364684187e-05, 
    "political": 3.8291668804430094e-05
}